{
  "x_offset": 0.027972027972027913,
  "y_offset": -0.04895104895104896,
  "x_scale": 1.0402097902097902,
  "y_scale": 1.0716783216783217,
  "image_alpha": 1.0,
  "bounds": {
    "x_min": 30.0,
    "x_max": 1979.0,
    "y_min": 47.0,
    "y_max": 1542.0
  }
}