{
  "x_offset": 0.027972027972027913,
  "y_offset": -0.027972027972028024,
  "x_scale": 1.0402097902097902,
  "y_scale": 1.0506993006993008,
  "image_alpha": 1.0,
  "bounds": {
    "x_min": 15.0,
    "x_max": 1237.0,
    "y_min": 11.0,
    "y_max": 948.0
  }
}